{"FPR": [0.0, 0.0, 0.0, 0.0, 0.0, 0.0, 0.0125, 0.0125, 0.025, 0.025, 0.025, 0.025, 0.025, 0.0375, 0.0375, 0.0625, 0.0625, 0.0875, 0.125, 0.125, 0.15, 0.175, 0.175, 0.175, 0.1875, 0.1875, 0.2, 0.225, 0.25, 0.2625, 0.275, 0.275, 0.3, 0.35, 0.375, 0.3875, 0.3875, 0.4, 0.4125, 0.475, 0.5125, 0.5125, 0.5375, 0.5375, 0.575, 0.6125, 0.6625, 0.6875, 0.75, 0.7625, 0.9125, 0.925, 0.9625, 0.9875, 1.0], "TPR": [0.0, 0.015873015873015872, 0.06349206349206349, 0.09523809523809523, 0.12698412698412698, 0.20634920634920634, 0.23809523809523808, 0.25396825396825395, 0.25396825396825395, 0.2698412698412698, 0.31746031746031744, 0.3968253968253968, 0.4444444444444444, 0.4603174603174603, 0.5079365079365079, 0.5079365079365079, 0.5238095238095238, 0.5238095238095238, 0.5238095238095238, 0.5714285714285714, 0.6031746031746031, 0.6031746031746031, 0.6349206349206349, 0.6666666666666666, 0.6666666666666666, 0.6984126984126984, 0.6984126984126984, 0.7142857142857143, 0.7142857142857143, 0.7142857142857143, 0.7301587301587301, 0.7619047619047619, 0.7619047619047619, 0.7619047619047619, 0.7619047619047619, 0.7777777777777778, 0.8095238095238095, 0.8412698412698413, 0.8412698412698413, 0.8412698412698413, 0.8412698412698413, 0.8571428571428571, 0.8571428571428571, 0.873015873015873, 0.9047619047619048, 0.9047619047619048, 0.9206349206349206, 0.9206349206349206, 0.9682539682539683, 0.9682539682539683, 0.9841269841269841, 0.9841269841269841, 0.9841269841269841, 1.0, 1.0], "y_test": [1, 1, 0, 1, 0, 1, 1, 1, 0, 1, 0, 0, 0, 0, 0, 0, 1, 1, 1, 1, 0, 1, 1, 0, 0, 0, 0, 1, 0, 1, 1, 0, 0, 0, 0, 0, 0, 0, 1, 1, 1, 1, 0, 0, 0, 1, 0, 0, 0, 0, 0, 1, 0, 0, 0, 1, 1, 1, 0, 0, 1, 0, 0, 1, 0, 0, 0, 0, 1, 0, 1, 1, 0, 0, 0, 0, 0, 0, 1, 1, 1, 1, 1, 1, 0, 0, 1, 1, 0, 1, 0, 0, 0, 0, 0, 1, 1, 0, 1, 0, 1, 0, 1, 0, 0, 0, 1, 0, 0, 0, 1, 1, 0, 1, 1, 0, 0, 0, 1, 0, 1, 1, 1, 1, 0, 1, 1, 1, 0, 1, 1, 0, 0, 0, 0, 0, 0, 1, 0, 1, 0, 1, 1], "predictions": [1, 1, 0, 1, 0, 0, 1, 1, 0, 0, 0, 0, 0, 0, 1, 0, 1, 0, 1, 1, 0, 1, 1, 0, 0, 1, 0, 1, 0, 0, 1, 0, 0, 0, 0, 0, 0, 1, 1, 0, 0, 0, 0, 0, 0, 0, 0, 0, 0, 0, 0, 0, 0, 0, 0, 1, 0, 0, 0, 0, 0, 0, 0, 0, 0, 0, 0, 0, 1, 0, 0, 0, 0, 0, 0, 0, 0, 0, 0, 1, 0, 1, 1, 0, 0, 0, 0, 1, 0, 0, 0, 0, 0, 0, 0, 1, 1, 0, 1, 1, 1, 0, 1, 0, 0, 0, 0, 0, 0, 0, 0, 1, 0, 0, 0, 0, 0, 0, 1, 0, 0, 1, 1, 0, 0, 1, 0, 0, 0, 1, 1, 0, 0, 0, 0, 0, 0, 0, 1, 1, 0, 1, 0]}