{"FPR": [0.0, 0.0, 0.0, 0.0, 0.0, 0.0125, 0.0125, 0.0125, 0.0125, 0.0125, 0.0125, 0.0125, 0.0125, 0.025, 0.025, 0.05, 0.0625, 0.075, 0.075, 0.075, 0.075, 0.1125, 0.1125, 0.15, 0.1875, 0.2, 0.2, 0.2625, 0.3, 0.325, 0.325, 0.3375, 0.3625, 0.4, 0.425, 0.4375, 0.45, 0.45, 0.475, 0.475, 0.5, 0.5125, 0.5125, 0.525, 0.5375, 0.575, 0.725, 0.725, 0.7375, 0.775, 0.775, 0.7875, 0.85, 0.8625, 0.9125, 0.95, 0.975, 1.0], "TPR": [0.0, 0.047619047619047616, 0.14285714285714285, 0.1746031746031746, 0.19047619047619047, 0.19047619047619047, 0.23809523809523808, 0.2698412698412698, 0.30158730158730157, 0.3333333333333333, 0.3492063492063492, 0.3968253968253968, 0.42857142857142855, 0.4603174603174603, 0.5079365079365079, 0.5555555555555556, 0.5714285714285714, 0.5714285714285714, 0.5873015873015873, 0.6190476190476191, 0.6349206349206349, 0.6349206349206349, 0.6666666666666666, 0.6666666666666666, 0.6666666666666666, 0.6984126984126984, 0.7301587301587301, 0.7301587301587301, 0.7301587301587301, 0.7301587301587301, 0.746031746031746, 0.746031746031746, 0.7619047619047619, 0.7619047619047619, 0.7619047619047619, 0.7777777777777778, 0.7777777777777778, 0.7936507936507936, 0.7936507936507936, 0.8095238095238095, 0.8095238095238095, 0.8095238095238095, 0.8253968253968254, 0.8253968253968254, 0.8412698412698413, 0.873015873015873, 0.8888888888888888, 0.9047619047619048, 0.9047619047619048, 0.9047619047619048, 0.9206349206349206, 0.9206349206349206, 0.9682539682539683, 0.9682539682539683, 0.9841269841269841, 0.9841269841269841, 1.0, 1.0], "y_test": [1, 1, 0, 1, 0, 1, 1, 1, 0, 1, 0, 0, 0, 0, 0, 0, 1, 1, 1, 1, 0, 1, 1, 0, 0, 0, 0, 1, 0, 1, 1, 0, 0, 0, 0, 0, 0, 0, 1, 1, 1, 1, 0, 0, 0, 1, 0, 0, 0, 0, 0, 1, 0, 0, 0, 1, 1, 1, 0, 0, 1, 0, 0, 1, 0, 0, 0, 0, 1, 0, 1, 1, 0, 0, 0, 0, 0, 0, 1, 1, 1, 1, 1, 1, 0, 0, 1, 1, 0, 1, 0, 0, 0, 0, 0, 1, 1, 0, 1, 0, 1, 0, 1, 0, 0, 0, 1, 0, 0, 0, 1, 1, 0, 1, 1, 0, 0, 0, 1, 0, 1, 1, 1, 1, 0, 1, 1, 1, 0, 1, 1, 0, 0, 0, 0, 0, 0, 1, 0, 1, 0, 1, 1], "predictions": [1, 1, 0, 1, 0, 1, 1, 1, 0, 1, 0, 0, 0, 0, 1, 0, 1, 0, 1, 1, 0, 1, 1, 0, 0, 1, 0, 1, 0, 0, 1, 0, 0, 0, 0, 0, 0, 1, 1, 0, 1, 0, 0, 0, 0, 0, 0, 0, 0, 0, 0, 0, 1, 0, 0, 1, 0, 0, 0, 0, 0, 1, 0, 1, 0, 0, 0, 0, 1, 0, 1, 0, 0, 0, 0, 0, 0, 0, 0, 1, 0, 1, 1, 0, 0, 0, 0, 1, 0, 1, 0, 0, 0, 0, 0, 1, 1, 0, 1, 1, 1, 0, 1, 0, 0, 0, 0, 0, 0, 0, 0, 1, 0, 0, 1, 0, 0, 0, 1, 1, 0, 1, 1, 1, 1, 1, 0, 1, 0, 1, 1, 0, 0, 0, 0, 0, 0, 0, 1, 1, 0, 1, 0]}